test_code,test_name,specimen_type,draw_container,transport_container,temperature,preferred_volume,minimum_volume,verification_basis,source_url,notes
14532,ADAMTS13 Activity with Reflex to Inhibitor,Platelet-poor plasma,Light Blue Citrate,Transport tube,Frozen,1 mL plasma,0.5 mL,Exact/current public Quest listing,https://www.questdiagnostics.com/healthcare-professionals/clinical-education-center/faq/faq112,"Draw a full 3.2% sodium citrate light-blue tube and invert gently 3–4 times. Centrifuge 15 minutes at 1500 g within 1 hour, remove plasma without disturbing the buffy coat, transfer to a plastic transport tube, freeze immediately, and ship frozen. Submit a separate frozen vial for each special coagulation assay ordered."
91416,AccuType® Ribavirin (ITPA),Whole Blood,Lavender EDTA,Lavender EDTA,Room Temperature,4 mL whole blood,4 mL,Exact/current public Quest listing,https://testdirectory.questdiagnostics.com/test/test-detail/91416/?cc=MASTER,Collect whole blood in Lavender EDTA and submit the original tube at room temperature. Do not centrifuge. Verify service-area availability before collection.
227,Aldolase,Serum,Red Top,Transport tube,Frozen,2 mL serum,1 mL,Exact/current public Quest listing,https://testdirectory.questdiagnostics.com/test/test-detail/227/?cc=MASTER,"Collect in a Red Top, allow to clot, centrifuge, transfer serum to a transport tube, and freeze. Ship frozen."
822,Aspartate Aminotransferase (AST),Serum,SST / Gold,Plastic screw-cap serum transport vial,Room Temperature,1 mL serum,0.5 mL,Exact/current public Quest listing,https://testdirectory.questdiagnostics.com/test/test-detail/822/?cc=MASTER,Allow blood to clot and centrifuge within 1 hour. Transfer serum to a sterile plastic screw-cap serum transport vial. Lithium- or sodium-heparin plasma may also be acceptable if ordered/routed accordingly.
297,"C1 Esterase Inhibitor, Functional",Serum,Red Top,Transport tube,Frozen,1 mL serum,0.2 mL,Exact/current public Quest listing,https://testdirectory.questdiagnostics.com/test/test-detail/297/?cc=MASTER,"Collect in a Red Top without gel. Allow to clot, centrifuge, transfer serum within 1 hour, and freeze. Do not submit SST/gel serum; avoid thawing before shipment."
298,"C1 Esterase Inhibitor, Protein",Serum,Red Top,Transport tube,Room Temperature,1 mL serum,0.5 mL,Exact/current public Quest listing,https://testdirectory.questdiagnostics.com/test/test-detail/298/?cc=MASTER,"Collect serum, allow to clot, centrifuge, and transfer to a transport tube. Ship at room temperature unless local routing specifies otherwise."
34303,C1q Antibody (IgG),Serum,Red Top,Transport tube,Room Temperature,0.5 mL serum,0.3 mL,Exact/current public Quest listing,https://testdirectory.questdiagnostics.com/test/test-detail/34303/?cc=MASTER,"Collect serum in a Red Top without gel, centrifuge, and transfer to a transport tube. SST is not preferred for this workflow. Sodium-heparin or EDTA plasma may be acceptable alternatives when permitted by the active Quest order."
17689,C3a desArg Fragment,Plasma,Lavender EDTA,2 separate transport tubes,Frozen,2 x 1 mL EDTA plasma,2 x 0.5 mL,Exact/current public Quest listing,https://testdirectory.questdiagnostics.com/test/test-detail/17689/?cc=MASTER,"Collect Lavender EDTA, centrifuge promptly, and submit two separate frozen EDTA-plasma aliquots. Freeze promptly and ship frozen."
4943,C4d,Plasma,Lavender EDTA,Transport tube,Frozen,1 mL EDTA plasma,0.2 mL,Exact/current public Quest listing,https://testdirectory.questdiagnostics.com/test/test-detail/4943/?cc=MASTER,"Collect Lavender EDTA, centrifuge, transfer plasma to a transport tube, freeze, and ship frozen."
59032,C5a,Plasma,Lavender EDTA,Transport tube,Frozen,1 mL EDTA plasma,0.5 mL,Exact/current public Quest listing,https://testdirectory.questdiagnostics.com/test/test-detail/59032/?cc=MASTER,"Collect Lavender EDTA, centrifuge and separate plasma within 1 hour, transfer to a transport tube, freeze, and ship frozen."
29256,CA 125,Serum,SST / Gold,SST / Gold (spun),Room Temperature,1 mL serum,0.5 mL,Exact/current public Quest listing,https://testdirectory.questdiagnostics.com/test/test-detail/29256/?cc=MASTER,Allow SST to clot and centrifuge. Submit the spun SST at room temperature.
17717,CA 125 with HAMA Treatment,Serum,SST / Gold,Transport tube,Room Temperature,2 mL serum,1 mL,Exact/current public Quest listing,https://testdirectory.questdiagnostics.com/test/test-detail/17717/?cc=MASTER,"Allow blood to clot, centrifuge, and transfer serum to a transport tube. Ship at room temperature."
5819,CA 15-3,Serum,SST / Gold,SST / Gold (spun),Room Temperature,1 mL serum,0.5 mL,Exact/current public Quest listing,https://testdirectory.questdiagnostics.com/test/test-detail/5819/?cc=MASTER,"Allow SST to clot, centrifuge, and submit the spun SST."
29493,CA 27.29,Serum,SST / Gold,SST / Gold (spun),Room Temperature,1 mL serum,0.5 mL,Exact/current public Quest listing,https://testdirectory.questdiagnostics.com/test/test-detail/29493/?cc=MASTER,"Allow SST to clot, centrifuge, and submit the spun SST."
299,"Cadmium, Blood",Whole Blood,Royal Blue EDTA (purple stripe),"Royal Blue EDTA (purple stripe, original tube)",Refrigerated,4 mL whole blood,2 mL,Exact/current public Quest listing,https://testdirectory.questdiagnostics.com/test/test-detail/299/?cc=MASTER,Collect whole blood in a trace-metal-free Royal Blue EDTA tube (purple stripe). Mix gently and submit the original tube refrigerated. Do not transfer into a non-trace-metal container.
305,Caffeine,Serum,Red Top,Transport tube,Room Temperature,1 mL serum,0.2 mL,Exact/current public Quest listing,https://testdirectory.questdiagnostics.com/test/test-detail/305/?cc=MASTER,"Collect a trough specimen before the next dose when monitoring therapy. Use a Red Top without gel, allow to clot, centrifuge, and transfer serum. SST/gel is not acceptable for this workflow."
30742,Calcitonin,Serum,Red Top,Transport tube,Frozen,1 mL serum,0.5 mL,Exact/current public Quest listing,https://testdirectory.questdiagnostics.com/test/test-detail/30742/?cc=MASTER,"Overnight fasting is preferred. Collect serum, centrifuge, separate promptly into a transport tube, freeze immediately, and ship frozen."
20907,"Calcium, Total, RBC",RBC,Green Sodium Heparin,Trace-element and metal-free RBC transport tube,Refrigerated,2 mL RBCs,0.7 mL,Exact/current public Quest listing,https://testdirectory.questdiagnostics.com/test/test-detail/20907/?cc=MASTER,"Collect in Green Sodium Heparin, centrifuge, separate RBCs from plasma within 2 hours, and transfer RBCs into a trace-element/metal-free RBC transport tube. Refrigerate."
37310,"California Encephalitis Virus Antibody Panel, IFA, Serum",Serum,Red Top,Transport tube,Room Temperature,1 mL serum,0.1 mL,Exact/current public Quest listing,https://testdirectory.questdiagnostics.com/test/test-detail/37310/?cc=MASTER,"Collect serum, allow to clot, centrifuge, and transfer to a transport tube. Ship at room temperature."
449,Nonesterified Fatty Acids (Free Fatty Acids),Serum,Red Top,Transport tube,Frozen,1 mL serum,0.3 mL,Exact/current public Quest listing,https://testdirectory.questdiagnostics.com/test/test-detail/449/?cc=MASTER,"Overnight fasting is preferred. Remove serum from cells immediately after collection, transfer to a transport tube, and freeze. EDTA, light-blue citrate, ACD-B, or trace-metal no-additive serum may also be acceptable; heparin plasma is rejected."
19595,Hypoglycemic Panel,Serum,Red Top,Transport tube,Refrigerated,1 mL serum,0.3 mL,Exact/current public Quest listing,https://testdirectory.questdiagnostics.com/test/test-detail/19595/?cc=MASTER,"Collect in Red Top without gel, allow to clot, centrifuge promptly, transfer serum to a transport tube, and refrigerate. SST/gel is not acceptable for this workflow."
17900,Factor V (Leiden) Mutation Analysis,Whole Blood,Lavender EDTA,Lavender EDTA,Room Temperature,4 mL whole blood,3 mL,Exact/current public Quest listing,https://testdirectory.questdiagnostics.com/test/test-detail/17900/?cc=MASTER,"Collect whole blood in Lavender EDTA and submit the original tube. Royal Blue EDTA, Green Sodium Heparin, Yellow ACD-B, and Green Lithium Heparin are also acceptable alternatives."
19114,"Comprehensive Metabolic Panel without CO2, ALT and eGFR",Serum,SST / Gold,SST / Gold (spun),Room Temperature,2 mL serum,1 mL,Exact/current public Quest listing,https://testdirectory.questdiagnostics.com/test/test-detail/19114/?cc=MASTER,Fasting specimen is preferred. Allow SST to clot and centrifuge; submit the spun SST.
19110,Comprehensive Metabolic Panel without eGFR,Serum,SST / Gold,SST / Gold (spun),Room Temperature,2 mL serum,1 mL,Exact/current public Quest listing,https://testdirectory.questdiagnostics.com/test/test-detail/19110/?cc=MASTER,Fasting specimen is preferred. Allow SST to clot and centrifuge; submit the spun SST.
59166,BasoFunction HRT Tetracycline,Whole Blood,Green Sodium Heparin,Green Sodium Heparin (original tube),Room Temperature,8–10 mL whole blood,8 mL,Exact/current public Quest listing,https://testdirectory.questdiagnostics.com/test/test-detail/59166/?cc=MASTER,Collect only in Green Sodium Heparin and submit the original tube at room temperature. This assay has restricted collection/setup timing; verify the current Quest schedule before drawing. Lithium heparin is not acceptable.
8331,"Titanium, Serum/Plasma",Serum,Royal Blue No Additive (red stripe),Acid-washed / metal-free serum transport tube,Room Temperature,2 mL serum,0.6 mL,Exact/current public Quest listing,https://testdirectory.questdiagnostics.com/test/test-detail/8331/?cc=MASTER,Preferred: collect serum in a trace-metal-free Royal Blue No Additive tube (red stripe). Promptly centrifuge and transfer serum into an acid-washed/metal-free transport tube. Trace-metal-free Royal Blue EDTA plasma is acceptable. Reject SST/PST gel.
4953,Alpha-2-Antiplasmin,Platelet-poor plasma,Light Blue Citrate,Transport tube,Frozen,1 mL plasma,Verify current Quest minimum,Exact/current public Quest listing,https://testdirectory.questdiagnostics.com/test/test-detail/4953/?cc=MASTER,"Draw a full 3.2% sodium citrate light-blue tube, prepare platelet-poor plasma according to the Quest coagulation workflow, transfer to a plastic transport tube, freeze, and ship frozen."
414,Heparin-Induced Platelet Antibody,Serum,Red Top,Transport tube,Frozen,1 mL serum,0.5 mL,Exact/current public Quest listing,https://testdirectory.questdiagnostics.com/test/test-detail/414/?cc=MASTER,"Collect in a Red Top without gel, allow to clot, centrifuge, transfer serum to a transport tube, and freeze. Ship frozen."
15334,"Heparin-Induced Platelet Antibody with Reflex to SRA, Unfractionated Heparin",Serum,Red Top,2 separate transport tubes,Frozen,2 x 1 mL serum,2 x 0.5 mL,Exact/current public Quest listing,https://testdirectory.questdiagnostics.com/test/test-detail/15334/?cc=MASTER,Collect serum in Red Top tube(s) without gel. Centrifuge and submit two separate frozen serum aliquots. Ship frozen.
14874,Heparin-Induced Thrombocytopenia Panel,Serum,Red Top,2 separate transport tubes,Frozen,2 x 1 mL serum,2 x 0.9 mL,Exact/current public Quest listing,https://testdirectory.questdiagnostics.com/test/test-detail/14874/?cc=MASTER,Collect serum in Red Top tube(s) without gel. Centrifuge and submit two separate frozen serum aliquots. Ship frozen.
10707,Human Platelet Antigen 1 Genotype,Whole Blood,Lavender EDTA,Lavender EDTA,Room Temperature,5 mL whole blood,1 mL,Exact/current public Quest listing,https://testdirectory.questdiagnostics.com/test/test-detail/10707/?cc=MASTER,Collect whole blood in Lavender EDTA and submit the original tube at room temperature.
11484,"Platelet Antibody Screen, Serum",Serum,Red Top,Transport tube,Frozen,1.5 mL serum,0.5 mL,Exact/current public Quest listing,https://testdirectory.questdiagnostics.com/test/test-detail/11484/?cc=MASTER,"Collect in Red Top without gel, allow to clot, centrifuge, transfer serum to a transport tube, and freeze. Ship frozen."
11361,"Chlamydia trachomatis RNA, TMA, Urogenital",Swab,Aptima Multitest Transport Tube (orange label),Aptima,Room Temperature,1 vaginal swab,1 swab,Exact/current public Quest listing,https://testdirectory.questdiagnostics.com/test/test-detail/11361/?cc=MASTER,"Preferred clinic workflow: collect a vaginal swab using the Aptima Multitest Collection Kit (orange label), place swab into the Aptima tube, break at the score line, and cap tightly. Quest also accepts appropriate endocervical/urethral Aptima swabs or first-catch urine transferred to an Aptima urine transport tube. Do not use liquid-cytology specimens for this calculator workflow."
16505,"Chlamydia trachomatis RNA, TMA, Rectal",Swab,Aptima Multitest Transport Tube (orange label),Aptima,Room Temperature,1 rectal swab,1 rectal swab,Exact/current public Quest listing,https://testdirectory.questdiagnostics.com/test/test-detail/16505/?cc=MASTER,"Collect a rectal swab using the Aptima Multitest Collection Kit (orange label). Insert swab into the Aptima tube, break at the score line, cap tightly, and submit at room temperature."
16506,"Chlamydia trachomatis/Neisseria gonorrhoeae RNA, TMA, Rectal",Swab,Aptima Multitest Transport Tube (orange label),Aptima,Room Temperature,1 rectal swab,1 rectal swab,Exact/current public Quest listing,https://testdirectory.questdiagnostics.com/test/test-detail/16506/?cc=MASTER,"Collect a rectal swab using the Aptima Multitest Collection Kit (orange label). Insert swab into the Aptima tube, break at the score line, cap tightly, and submit at room temperature."
70051,"Chlamydia trachomatis/Neisseria gonorrhoeae RNA, TMA, Throat",Swab,Aptima Multitest Transport Tube (orange label),Aptima,Room Temperature,1 throat swab,1 throat swab,Exact/current public Quest listing,https://testdirectory.questdiagnostics.com/test/test-detail/70051/?cc=MASTER,"Collect a throat swab using the Aptima Multitest Collection Kit (orange label). Swab the tonsillar pillars/posterior pharynx without touching other oral surfaces, place into the Aptima tube, break at the score line, and cap tightly."
13717,Bay Leaf IgE,Serum,SST / Gold,SST / Gold (spun),Room Temperature,1 mL serum,0.5 mL,Quest/Nichols order code + compatible serum allergen workflow,https://testdirectory.questdiagnostics.com/test/test-detail/13717/?cc=MASTER,"Allow SST to clot and centrifuge; submit the spun SST. This is a Quest serum allergen workflow. If Quest routes the order to a different performing laboratory/service area, verify the current minimum volume and stability before collection."
37454,American Cockroach (i206) IgE,Serum,SST / Gold,SST / Gold (spun),Room Temperature,0.3 mL serum,0.15 mL,Quest/Nichols order code + compatible serum allergen workflow,https://testdirectory.questdiagnostics.com/test/test-detail/37454/?cc=MASTER,"Allow SST to clot and centrifuge; submit the spun SST. This is a Quest serum allergen workflow. If Quest routes the order to a different performing laboratory/service area, verify the current minimum volume and stability before collection."
94464,Brazil Nut (f18) IgE with Reflex to Component,Serum,SST / Gold,SST / Gold (spun),Room Temperature,0.5 mL serum,0.3 mL,Quest/Nichols order code + compatible serum allergen workflow,https://testdirectory.questdiagnostics.com/test/test-detail/94464/?cc=MASTER,"Allow SST to clot and centrifuge; submit the spun SST. This is a Quest serum allergen workflow. If Quest routes the order to a different performing laboratory/service area, verify the current minimum volume and stability before collection."
94469,Brazil Nut Component,Serum,SST / Gold,SST / Gold (spun),Room Temperature,0.5 mL serum,0.3 mL,Quest/Nichols order code + compatible serum allergen workflow,https://testdirectory.questdiagnostics.com/test/test-detail/94469/?cc=MASTER,"Allow SST to clot and centrifuge; submit the spun SST. This is a Quest serum allergen workflow. If Quest routes the order to a different performing laboratory/service area, verify the current minimum volume and stability before collection."
2632,Cabbage (f216) IgE,Serum,SST / Gold,SST / Gold (spun),Room Temperature,0.3 mL serum,0.15 mL,Quest/Nichols order code + compatible serum allergen workflow,https://testdirectory.questdiagnostics.com/test/test-detail/2632/?cc=MASTER,"Allow SST to clot and centrifuge; submit the spun SST. This is a Quest serum allergen workflow. If Quest routes the order to a different performing laboratory/service area, verify the current minimum volume and stability before collection."
2542,Canary Bird Feathers IgE,Serum,SST / Gold,SST / Gold (spun),Room Temperature,0.3 mL serum,0.15 mL,Quest/Nichols order code + compatible serum allergen workflow,https://testdirectory.questdiagnostics.com/test/test-detail/2542/?cc=MASTER,"Allow SST to clot and centrifuge; submit the spun SST. This is a Quest serum allergen workflow. If Quest routes the order to a different performing laboratory/service area, verify the current minimum volume and stability before collection."
2371,Canary Grass IgE,Serum,SST / Gold,SST / Gold (spun),Room Temperature,0.3 mL serum,0.15 mL,Quest/Nichols order code + compatible serum allergen workflow,https://testdirectory.questdiagnostics.com/test/test-detail/2371/?cc=MASTER,"Allow SST to clot and centrifuge; submit the spun SST. This is a Quest serum allergen workflow. If Quest routes the order to a different performing laboratory/service area, verify the current minimum volume and stability before collection."
2705,Candida albicans IgE,Serum,SST / Gold,SST / Gold (spun),Room Temperature,0.3 mL serum,0.15 mL,Quest/Nichols order code + compatible serum allergen workflow,https://testdirectory.questdiagnostics.com/test/test-detail/2705/?cc=MASTER,"Allow SST to clot and centrifuge; submit the spun SST. This is a Quest serum allergen workflow. If Quest routes the order to a different performing laboratory/service area, verify the current minimum volume and stability before collection."
2633,Caraway IgE,Serum,SST / Gold,SST / Gold (spun),Room Temperature,0.3 mL serum,0.15 mL,Quest/Nichols order code + compatible serum allergen workflow,https://testdirectory.questdiagnostics.com/test/test-detail/2633/?cc=MASTER,"Allow SST to clot and centrifuge; submit the spun SST. This is a Quest serum allergen workflow. If Quest routes the order to a different performing laboratory/service area, verify the current minimum volume and stability before collection."
30767,Careless Weed IgE,Serum,SST / Gold,SST / Gold (spun),Room Temperature,0.3 mL serum,0.15 mL,Quest/Nichols order code + compatible serum allergen workflow,https://testdirectory.questdiagnostics.com/test/test-detail/30767/?cc=MASTER,"Allow SST to clot and centrifuge; submit the spun SST. This is a Quest serum allergen workflow. If Quest routes the order to a different performing laboratory/service area, verify the current minimum volume and stability before collection."
2634,Carob IgE,Serum,SST / Gold,SST / Gold (spun),Room Temperature,0.3 mL serum,0.15 mL,Quest/Nichols order code + compatible serum allergen workflow,https://testdirectory.questdiagnostics.com/test/test-detail/2634/?cc=MASTER,"Allow SST to clot and centrifuge; submit the spun SST. This is a Quest serum allergen workflow. If Quest routes the order to a different performing laboratory/service area, verify the current minimum volume and stability before collection."
2831,Carrot IgE,Serum,SST / Gold,SST / Gold (spun),Room Temperature,0.3 mL serum,0.15 mL,Quest/Nichols order code + compatible serum allergen workflow,https://testdirectory.questdiagnostics.com/test/test-detail/2831/?cc=MASTER,"Allow SST to clot and centrifuge; submit the spun SST. This is a Quest serum allergen workflow. If Quest routes the order to a different performing laboratory/service area, verify the current minimum volume and stability before collection."
2853,Casein IgE,Serum,SST / Gold,SST / Gold (spun),Room Temperature,0.3 mL serum,0.15 mL,Quest/Nichols order code + compatible serum allergen workflow,https://testdirectory.questdiagnostics.com/test/test-detail/2853/?cc=MASTER,"Allow SST to clot and centrifuge; submit the spun SST. This is a Quest serum allergen workflow. If Quest routes the order to a different performing laboratory/service area, verify the current minimum volume and stability before collection."
2608,Cashew Nut IgE,Serum,SST / Gold,SST / Gold (spun),Room Temperature,0.3 mL serum,0.15 mL,Quest/Nichols order code + compatible serum allergen workflow,https://testdirectory.questdiagnostics.com/test/test-detail/2608/?cc=MASTER,"Allow SST to clot and centrifuge; submit the spun SST. This is a Quest serum allergen workflow. If Quest routes the order to a different performing laboratory/service area, verify the current minimum volume and stability before collection."
2601,Cat Dander IgE,Serum,SST / Gold,SST / Gold (spun),Room Temperature,0.3 mL serum,0.15 mL,Quest/Nichols order code + compatible serum allergen workflow,https://testdirectory.questdiagnostics.com/test/test-detail/2601/?cc=MASTER,"Allow SST to clot and centrifuge; submit the spun SST. This is a Quest serum allergen workflow. If Quest routes the order to a different performing laboratory/service area, verify the current minimum volume and stability before collection."
38267,Catfish IgE,Serum,SST / Gold,SST / Gold (spun),Room Temperature,0.3 mL serum,0.15 mL,Quest/Nichols order code + compatible serum allergen workflow,https://testdirectory.questdiagnostics.com/test/test-detail/38267/?cc=MASTER,"Allow SST to clot and centrifuge; submit the spun SST. This is a Quest serum allergen workflow. If Quest routes the order to a different performing laboratory/service area, verify the current minimum volume and stability before collection."
2635,Cauliflower IgE,Serum,SST / Gold,SST / Gold (spun),Room Temperature,0.3 mL serum,0.15 mL,Quest/Nichols order code + compatible serum allergen workflow,https://testdirectory.questdiagnostics.com/test/test-detail/2635/?cc=MASTER,"Allow SST to clot and centrifuge; submit the spun SST. This is a Quest serum allergen workflow. If Quest routes the order to a different performing laboratory/service area, verify the current minimum volume and stability before collection."
17572,Cedar IgE,Serum,SST / Gold,SST / Gold (spun),Room Temperature,0.3 mL serum,0.15 mL,Quest/Nichols order code + compatible serum allergen workflow,https://testdirectory.questdiagnostics.com/test/test-detail/17572/?cc=MASTER,"Allow SST to clot and centrifuge; submit the spun SST. This is a Quest serum allergen workflow. If Quest routes the order to a different performing laboratory/service area, verify the current minimum volume and stability before collection."
2860,Celery IgE,Serum,SST / Gold,SST / Gold (spun),Room Temperature,0.3 mL serum,0.15 mL,Quest/Nichols order code + compatible serum allergen workflow,https://testdirectory.questdiagnostics.com/test/test-detail/2860/?cc=MASTER,"Allow SST to clot and centrifuge; submit the spun SST. This is a Quest serum allergen workflow. If Quest routes the order to a different performing laboratory/service area, verify the current minimum volume and stability before collection."
3415,Chaetomium globosum IgE,Serum,SST / Gold,SST / Gold (spun),Room Temperature,0.3 mL serum,0.15 mL,Quest/Nichols order code + compatible serum allergen workflow,https://testdirectory.questdiagnostics.com/test/test-detail/3415/?cc=MASTER,"Allow SST to clot and centrifuge; submit the spun SST. This is a Quest serum allergen workflow. If Quest routes the order to a different performing laboratory/service area, verify the current minimum volume and stability before collection."
2858,Cheddar Cheese IgE,Serum,SST / Gold,SST / Gold (spun),Room Temperature,0.3 mL serum,0.15 mL,Quest/Nichols order code + compatible serum allergen workflow,https://testdirectory.questdiagnostics.com/test/test-detail/2858/?cc=MASTER,"Allow SST to clot and centrifuge; submit the spun SST. This is a Quest serum allergen workflow. If Quest routes the order to a different performing laboratory/service area, verify the current minimum volume and stability before collection."
2859,Cheese Mold IgE,Serum,SST / Gold,SST / Gold (spun),Room Temperature,0.3 mL serum,0.15 mL,Quest/Nichols order code + compatible serum allergen workflow,https://testdirectory.questdiagnostics.com/test/test-detail/2859/?cc=MASTER,"Allow SST to clot and centrifuge; submit the spun SST. This is a Quest serum allergen workflow. If Quest routes the order to a different performing laboratory/service area, verify the current minimum volume and stability before collection."
2609,Cherry IgE,Serum,SST / Gold,SST / Gold (spun),Room Temperature,0.3 mL serum,0.15 mL,Quest/Nichols order code + compatible serum allergen workflow,https://testdirectory.questdiagnostics.com/test/test-detail/2609/?cc=MASTER,"Allow SST to clot and centrifuge; submit the spun SST. This is a Quest serum allergen workflow. If Quest routes the order to a different performing laboratory/service area, verify the current minimum volume and stability before collection."
2636,Chestnut (Sweet) IgE,Serum,SST / Gold,SST / Gold (spun),Room Temperature,0.3 mL serum,0.15 mL,Quest/Nichols order code + compatible serum allergen workflow,https://testdirectory.questdiagnostics.com/test/test-detail/2636/?cc=MASTER,"Allow SST to clot and centrifuge; submit the spun SST. This is a Quest serum allergen workflow. If Quest routes the order to a different performing laboratory/service area, verify the current minimum volume and stability before collection."
3417,Chestnut Tree IgE,Serum,SST / Gold,SST / Gold (spun),Room Temperature,0.3 mL serum,0.15 mL,Quest/Nichols order code + compatible serum allergen workflow,https://testdirectory.questdiagnostics.com/test/test-detail/3417/?cc=MASTER,"Allow SST to clot and centrifuge; submit the spun SST. This is a Quest serum allergen workflow. If Quest routes the order to a different performing laboratory/service area, verify the current minimum volume and stability before collection."
38958,Chick Pea IgE,Serum,SST / Gold,SST / Gold (spun),Room Temperature,0.3 mL serum,0.15 mL,Quest/Nichols order code + compatible serum allergen workflow,https://testdirectory.questdiagnostics.com/test/test-detail/38958/?cc=MASTER,"Allow SST to clot and centrifuge; submit the spun SST. This is a Quest serum allergen workflow. If Quest routes the order to a different performing laboratory/service area, verify the current minimum volume and stability before collection."
2651,Chicken Feathers IgE,Serum,SST / Gold,SST / Gold (spun),Room Temperature,0.3 mL serum,0.15 mL,Quest/Nichols order code + compatible serum allergen workflow,https://testdirectory.questdiagnostics.com/test/test-detail/2651/?cc=MASTER,"Allow SST to clot and centrifuge; submit the spun SST. This is a Quest serum allergen workflow. If Quest routes the order to a different performing laboratory/service area, verify the current minimum volume and stability before collection."
2857,Chicken Meat IgE,Serum,SST / Gold,SST / Gold (spun),Room Temperature,0.3 mL serum,0.15 mL,Quest/Nichols order code + compatible serum allergen workflow,https://testdirectory.questdiagnostics.com/test/test-detail/2857/?cc=MASTER,"Allow SST to clot and centrifuge; submit the spun SST. This is a Quest serum allergen workflow. If Quest routes the order to a different performing laboratory/service area, verify the current minimum volume and stability before collection."
2550,Chub Mackerel IgE,Serum,SST / Gold,SST / Gold (spun),Room Temperature,0.3 mL serum,0.15 mL,Quest/Nichols order code + compatible serum allergen workflow,https://testdirectory.questdiagnostics.com/test/test-detail/2550/?cc=MASTER,"Allow SST to clot and centrifuge; submit the spun SST. This is a Quest serum allergen workflow. If Quest routes the order to a different performing laboratory/service area, verify the current minimum volume and stability before collection."
2637,Cinnamon IgE,Serum,SST / Gold,SST / Gold (spun),Room Temperature,0.3 mL serum,0.15 mL,Quest/Nichols order code + compatible serum allergen workflow,https://testdirectory.questdiagnostics.com/test/test-detail/2637/?cc=MASTER,"Allow SST to clot and centrifuge; submit the spun SST. This is a Quest serum allergen workflow. If Quest routes the order to a different performing laboratory/service area, verify the current minimum volume and stability before collection."
2702,Cladosporium herbarum IgE,Serum,SST / Gold,SST / Gold (spun),Room Temperature,0.3 mL serum,0.15 mL,Quest/Nichols order code + compatible serum allergen workflow,https://testdirectory.questdiagnostics.com/test/test-detail/2702/?cc=MASTER,"Allow SST to clot and centrifuge; submit the spun SST. This is a Quest serum allergen workflow. If Quest routes the order to a different performing laboratory/service area, verify the current minimum volume and stability before collection."
8929,Clam IgE,Serum,SST / Gold,SST / Gold (spun),Room Temperature,0.3 mL serum,0.15 mL,Quest/Nichols order code + compatible serum allergen workflow,https://testdirectory.questdiagnostics.com/test/test-detail/8929/?cc=MASTER,"Allow SST to clot and centrifuge; submit the spun SST. This is a Quest serum allergen workflow. If Quest routes the order to a different performing laboratory/service area, verify the current minimum volume and stability before collection."
2638,Clove IgE,Serum,SST / Gold,SST / Gold (spun),Room Temperature,0.3 mL serum,0.15 mL,Quest/Nichols order code + compatible serum allergen workflow,https://testdirectory.questdiagnostics.com/test/test-detail/2638/?cc=MASTER,"Allow SST to clot and centrifuge; submit the spun SST. This is a Quest serum allergen workflow. If Quest routes the order to a different performing laboratory/service area, verify the current minimum volume and stability before collection."
10625,Cochineal Extract IgE,Serum,SST / Gold,SST / Gold (spun),Room Temperature,0.3 mL serum,0.15 mL,Quest/Nichols order code + compatible serum allergen workflow,https://testdirectory.questdiagnostics.com/test/test-detail/10625/?cc=MASTER,"Allow SST to clot and centrifuge; submit the spun SST. This is a Quest serum allergen workflow. If Quest routes the order to a different performing laboratory/service area, verify the current minimum volume and stability before collection."
2413,Cocklebur IgE,Serum,SST / Gold,SST / Gold (spun),Room Temperature,0.3 mL serum,0.15 mL,Quest/Nichols order code + compatible serum allergen workflow,https://testdirectory.questdiagnostics.com/test/test-detail/2413/?cc=MASTER,"Allow SST to clot and centrifuge; submit the spun SST. This is a Quest serum allergen workflow. If Quest routes the order to a different performing laboratory/service area, verify the current minimum volume and stability before collection."
2736,Cockroach IgE,Serum,SST / Gold,SST / Gold (spun),Room Temperature,0.3 mL serum,0.15 mL,Quest/Nichols order code + compatible serum allergen workflow,https://testdirectory.questdiagnostics.com/test/test-detail/2736/?cc=MASTER,"Allow SST to clot and centrifuge; submit the spun SST. This is a Quest serum allergen workflow. If Quest routes the order to a different performing laboratory/service area, verify the current minimum volume and stability before collection."
2875,Cocoa IgE,Serum,SST / Gold,SST / Gold (spun),Room Temperature,0.3 mL serum,0.15 mL,Quest/Nichols order code + compatible serum allergen workflow,https://testdirectory.questdiagnostics.com/test/test-detail/2875/?cc=MASTER,"Allow SST to clot and centrifuge; submit the spun SST. This is a Quest serum allergen workflow. If Quest routes the order to a different performing laboratory/service area, verify the current minimum volume and stability before collection."
2836,Coconut IgE,Serum,SST / Gold,SST / Gold (spun),Room Temperature,0.3 mL serum,0.15 mL,Quest/Nichols order code + compatible serum allergen workflow,https://testdirectory.questdiagnostics.com/test/test-detail/2836/?cc=MASTER,"Allow SST to clot and centrifuge; submit the spun SST. This is a Quest serum allergen workflow. If Quest routes the order to a different performing laboratory/service area, verify the current minimum volume and stability before collection."
2803,Codfish IgE,Serum,SST / Gold,SST / Gold (spun),Room Temperature,0.3 mL serum,0.15 mL,Quest/Nichols order code + compatible serum allergen workflow,https://testdirectory.questdiagnostics.com/test/test-detail/2803/?cc=MASTER,"Allow SST to clot and centrifuge; submit the spun SST. This is a Quest serum allergen workflow. If Quest routes the order to a different performing laboratory/service area, verify the current minimum volume and stability before collection."
2915,Coffee IgE,Serum,SST / Gold,SST / Gold (spun),Room Temperature,0.3 mL serum,0.15 mL,Quest/Nichols order code + compatible serum allergen workflow,https://testdirectory.questdiagnostics.com/test/test-detail/2915/?cc=MASTER,"Allow SST to clot and centrifuge; submit the spun SST. This is a Quest serum allergen workflow. If Quest routes the order to a different performing laboratory/service area, verify the current minimum volume and stability before collection."
2620,Common Millet IgE,Serum,SST / Gold,SST / Gold (spun),Room Temperature,0.3 mL serum,0.15 mL,Quest/Nichols order code + compatible serum allergen workflow,https://testdirectory.questdiagnostics.com/test/test-detail/2620/?cc=MASTER,"Allow SST to clot and centrifuge; submit the spun SST. This is a Quest serum allergen workflow. If Quest routes the order to a different performing laboratory/service area, verify the current minimum volume and stability before collection."
2401,Common Ragweed (Short) IgE,Serum,SST / Gold,SST / Gold (spun),Room Temperature,0.3 mL serum,0.15 mL,Quest/Nichols order code + compatible serum allergen workflow,https://testdirectory.questdiagnostics.com/test/test-detail/2401/?cc=MASTER,"Allow SST to clot and centrifuge; submit the spun SST. This is a Quest serum allergen workflow. If Quest routes the order to a different performing laboratory/service area, verify the current minimum volume and stability before collection."
2307,Common Reed IgE,Serum,SST / Gold,SST / Gold (spun),Room Temperature,0.3 mL serum,0.15 mL,Quest/Nichols order code + compatible serum allergen workflow,https://testdirectory.questdiagnostics.com/test/test-detail/2307/?cc=MASTER,"Allow SST to clot and centrifuge; submit the spun SST. This is a Quest serum allergen workflow. If Quest routes the order to a different performing laboratory/service area, verify the current minimum volume and stability before collection."
11236,Coriander/Cilantro IgE,Serum,SST / Gold,SST / Gold (spun),Room Temperature,0.3 mL serum,0.15 mL,Quest/Nichols order code + compatible serum allergen workflow,https://testdirectory.questdiagnostics.com/test/test-detail/11236/?cc=MASTER,"Allow SST to clot and centrifuge; submit the spun SST. This is a Quest serum allergen workflow. If Quest routes the order to a different performing laboratory/service area, verify the current minimum volume and stability before collection."
3490,Corn Grass IgE,Serum,SST / Gold,SST / Gold (spun),Room Temperature,0.3 mL serum,0.15 mL,Quest/Nichols order code + compatible serum allergen workflow,https://testdirectory.questdiagnostics.com/test/test-detail/3490/?cc=MASTER,"Allow SST to clot and centrifuge; submit the spun SST. This is a Quest serum allergen workflow. If Quest routes the order to a different performing laboratory/service area, verify the current minimum volume and stability before collection."
23862,Cotton Seed IgE,Serum,SST / Gold,SST / Gold (spun),Room Temperature,0.3 mL serum,0.15 mL,Quest/Nichols order code + compatible serum allergen workflow,https://testdirectory.questdiagnostics.com/test/test-detail/23862/?cc=MASTER,"Allow SST to clot and centrifuge; submit the spun SST. This is a Quest serum allergen workflow. If Quest routes the order to a different performing laboratory/service area, verify the current minimum volume and stability before collection."
2514,Cottonwood IgE,Serum,SST / Gold,SST / Gold (spun),Room Temperature,0.3 mL serum,0.15 mL,Quest/Nichols order code + compatible serum allergen workflow,https://testdirectory.questdiagnostics.com/test/test-detail/2514/?cc=MASTER,"Allow SST to clot and centrifuge; submit the spun SST. This is a Quest serum allergen workflow. If Quest routes the order to a different performing laboratory/service area, verify the current minimum volume and stability before collection."
2604,Cow Dander IgE,Serum,SST / Gold,SST / Gold (spun),Room Temperature,0.3 mL serum,0.15 mL,Quest/Nichols order code + compatible serum allergen workflow,https://testdirectory.questdiagnostics.com/test/test-detail/2604/?cc=MASTER,"Allow SST to clot and centrifuge; submit the spun SST. This is a Quest serum allergen workflow. If Quest routes the order to a different performing laboratory/service area, verify the current minimum volume and stability before collection."
2802,Cow Milk IgE,Serum,SST / Gold,SST / Gold (spun),Room Temperature,0.3 mL serum,0.15 mL,Quest/Nichols order code + compatible serum allergen workflow,https://testdirectory.questdiagnostics.com/test/test-detail/2802/?cc=MASTER,"Allow SST to clot and centrifuge; submit the spun SST. This is a Quest serum allergen workflow. If Quest routes the order to a different performing laboratory/service area, verify the current minimum volume and stability before collection."
2823,Crab IgE,Serum,SST / Gold,SST / Gold (spun),Room Temperature,0.3 mL serum,0.15 mL,Quest/Nichols order code + compatible serum allergen workflow,https://testdirectory.questdiagnostics.com/test/test-detail/2823/?cc=MASTER,"Allow SST to clot and centrifuge; submit the spun SST. This is a Quest serum allergen workflow. If Quest routes the order to a different performing laboratory/service area, verify the current minimum volume and stability before collection."
38254,Cranberry IgE,Serum,SST / Gold,SST / Gold (spun),Room Temperature,0.3 mL serum,0.15 mL,Quest/Nichols order code + compatible serum allergen workflow,https://testdirectory.questdiagnostics.com/test/test-detail/38254/?cc=MASTER,"Allow SST to clot and centrifuge; submit the spun SST. This is a Quest serum allergen workflow. If Quest routes the order to a different performing laboratory/service area, verify the current minimum volume and stability before collection."
38751,Crayfish IgE,Serum,SST / Gold,SST / Gold (spun),Room Temperature,0.3 mL serum,0.15 mL,Quest/Nichols order code + compatible serum allergen workflow,https://testdirectory.questdiagnostics.com/test/test-detail/38751/?cc=MASTER,"Allow SST to clot and centrifuge; submit the spun SST. This is a Quest serum allergen workflow. If Quest routes the order to a different performing laboratory/service area, verify the current minimum volume and stability before collection."
2639,Cucumber IgE,Serum,SST / Gold,SST / Gold (spun),Room Temperature,0.3 mL serum,0.15 mL,Quest/Nichols order code + compatible serum allergen workflow,https://testdirectory.questdiagnostics.com/test/test-detail/2639/?cc=MASTER,"Allow SST to clot and centrifuge; submit the spun SST. This is a Quest serum allergen workflow. If Quest routes the order to a different performing laboratory/service area, verify the current minimum volume and stability before collection."
2314,Cultivated Oat IgE,Serum,SST / Gold,SST / Gold (spun),Room Temperature,0.3 mL serum,0.15 mL,Quest/Nichols order code + compatible serum allergen workflow,https://testdirectory.questdiagnostics.com/test/test-detail/2314/?cc=MASTER,"Allow SST to clot and centrifuge; submit the spun SST. This is a Quest serum allergen workflow. If Quest routes the order to a different performing laboratory/service area, verify the current minimum volume and stability before collection."
2312,Cultivated Rye Grass IgE,Serum,SST / Gold,SST / Gold (spun),Room Temperature,0.3 mL serum,0.15 mL,Quest/Nichols order code + compatible serum allergen workflow,https://testdirectory.questdiagnostics.com/test/test-detail/2312/?cc=MASTER,"Allow SST to clot and centrifuge; submit the spun SST. This is a Quest serum allergen workflow. If Quest routes the order to a different performing laboratory/service area, verify the current minimum volume and stability before collection."
2315,Cultivated Wheat IgE,Serum,SST / Gold,SST / Gold (spun),Room Temperature,0.3 mL serum,0.15 mL,Quest/Nichols order code + compatible serum allergen workflow,https://testdirectory.questdiagnostics.com/test/test-detail/2315/?cc=MASTER,"Allow SST to clot and centrifuge; submit the spun SST. This is a Quest serum allergen workflow. If Quest routes the order to a different performing laboratory/service area, verify the current minimum volume and stability before collection."
6680,Curvularia lunata IgE,Serum,SST / Gold,SST / Gold (spun),Room Temperature,0.3 mL serum,0.15 mL,Quest/Nichols order code + compatible serum allergen workflow,https://testdirectory.questdiagnostics.com/test/test-detail/6680/?cc=MASTER,"Allow SST to clot and centrifuge; submit the spun SST. This is a Quest serum allergen workflow. If Quest routes the order to a different performing laboratory/service area, verify the current minimum volume and stability before collection."
30766,Beetroot IgE,Serum,SST / Gold,SST / Gold (spun),Room Temperature,0.3 mL serum,0.15 mL,Quest/Nichols order code + compatible serum allergen workflow,https://testdirectory.questdiagnostics.com/test/test-detail/30766/?cc=MASTER,"Allow SST to clot and centrifuge; submit the spun SST. This is a Quest serum allergen workflow. If Quest routes the order to a different performing laboratory/service area, verify the current minimum volume and stability before collection."
2310,Johnson Grass IgE,Serum,SST / Gold,SST / Gold (spun),Room Temperature,0.3 mL serum,0.15 mL,Quest/Nichols order code + compatible serum allergen workflow,https://testdirectory.questdiagnostics.com/test/test-detail/2310/?cc=MASTER,"Allow SST to clot and centrifuge; submit the spun SST. This is a Quest serum allergen workflow. If Quest routes the order to a different performing laboratory/service area, verify the current minimum volume and stability before collection."
17075,Formaldehyde/Formalin IgE,Serum,SST / Gold,SST / Gold (spun),Room Temperature,0.3 mL serum,0.15 mL,Quest/Nichols order code + compatible serum allergen workflow,https://testdirectory.questdiagnostics.com/test/test-detail/17075/?cc=MASTER,"Allow SST to clot and centrifuge; submit the spun SST. This is a Quest serum allergen workflow. If Quest routes the order to a different performing laboratory/service area, verify the current minimum volume and stability before collection."
35352,Gelatin (Bovine) IgE,Serum,SST / Gold,SST / Gold (spun),Room Temperature,0.3 mL serum,0.15 mL,Quest/Nichols order code + compatible serum allergen workflow,https://testdirectory.questdiagnostics.com/test/test-detail/35352/?cc=MASTER,"Allow SST to clot and centrifuge; submit the spun SST. This is a Quest serum allergen workflow. If Quest routes the order to a different performing laboratory/service area, verify the current minimum volume and stability before collection."
2661,Goose Feathers IgE,Serum,SST / Gold,SST / Gold (spun),Room Temperature,0.3 mL serum,0.15 mL,Quest/Nichols order code + compatible serum allergen workflow,https://testdirectory.questdiagnostics.com/test/test-detail/2661/?cc=MASTER,"Allow SST to clot and centrifuge; submit the spun SST. This is a Quest serum allergen workflow. If Quest routes the order to a different performing laboratory/service area, verify the current minimum volume and stability before collection."
34939,Hickory White IgE,Serum,SST / Gold,SST / Gold (spun),Room Temperature,0.3 mL serum,0.15 mL,Quest/Nichols order code + compatible serum allergen workflow,https://testdirectory.questdiagnostics.com/test/test-detail/34939/?cc=MASTER,"Allow SST to clot and centrifuge; submit the spun SST. This is a Quest serum allergen workflow. If Quest routes the order to a different performing laboratory/service area, verify the current minimum volume and stability before collection."
2760,"Insulin, Human IgE",Serum,SST / Gold,SST / Gold (spun),Room Temperature,0.3 mL serum,0.15 mL,Quest/Nichols order code + compatible serum allergen workflow,https://testdirectory.questdiagnostics.com/test/test-detail/2760/?cc=MASTER,"Allow SST to clot and centrifuge; submit the spun SST. This is a Quest serum allergen workflow. If Quest routes the order to a different performing laboratory/service area, verify the current minimum volume and stability before collection."
2560,Jack Mackerel/Scad IgE,Serum,SST / Gold,SST / Gold (spun),Room Temperature,0.3 mL serum,0.15 mL,Quest/Nichols order code + compatible serum allergen workflow,https://testdirectory.questdiagnostics.com/test/test-detail/2560/?cc=MASTER,"Allow SST to clot and centrifuge; submit the spun SST. This is a Quest serum allergen workflow. If Quest routes the order to a different performing laboratory/service area, verify the current minimum volume and stability before collection."
2884,Kiwi IgE,Serum,SST / Gold,SST / Gold (spun),Room Temperature,0.3 mL serum,0.15 mL,Quest/Nichols order code + compatible serum allergen workflow,https://testdirectory.questdiagnostics.com/test/test-detail/2884/?cc=MASTER,"Allow SST to clot and centrifuge; submit the spun SST. This is a Quest serum allergen workflow. If Quest routes the order to a different performing laboratory/service area, verify the current minimum volume and stability before collection."
30760,Lima Bean IgE,Serum,SST / Gold,SST / Gold (spun),Room Temperature,0.3 mL serum,0.15 mL,Quest/Nichols order code + compatible serum allergen workflow,https://testdirectory.questdiagnostics.com/test/test-detail/30760/?cc=MASTER,"Allow SST to clot and centrifuge; submit the spun SST. This is a Quest serum allergen workflow. If Quest routes the order to a different performing laboratory/service area, verify the current minimum volume and stability before collection."
92030,Lupine Seed IgE,Serum,SST / Gold,SST / Gold (spun),Room Temperature,0.3 mL serum,0.15 mL,Quest/Nichols order code + compatible serum allergen workflow,https://testdirectory.questdiagnostics.com/test/test-detail/92030/?cc=MASTER,"Allow SST to clot and centrifuge; submit the spun SST. This is a Quest serum allergen workflow. If Quest routes the order to a different performing laboratory/service area, verify the current minimum volume and stability before collection."
93390,Lysozyme IgE,Serum,SST / Gold,SST / Gold (spun),Room Temperature,0.3 mL serum,0.15 mL,Quest/Nichols order code + compatible serum allergen workflow,https://testdirectory.questdiagnostics.com/test/test-detail/93390/?cc=MASTER,"Allow SST to clot and centrifuge; submit the spun SST. This is a Quest serum allergen workflow. If Quest routes the order to a different performing laboratory/service area, verify the current minimum volume and stability before collection."
2718,Nutmeg IgE,Serum,SST / Gold,SST / Gold (spun),Room Temperature,0.3 mL serum,0.15 mL,Quest/Nichols order code + compatible serum allergen workflow,https://testdirectory.questdiagnostics.com/test/test-detail/2718/?cc=MASTER,"Allow SST to clot and centrifuge; submit the spun SST. This is a Quest serum allergen workflow. If Quest routes the order to a different performing laboratory/service area, verify the current minimum volume and stability before collection."
8932,Oyster IgE,Serum,SST / Gold,SST / Gold (spun),Room Temperature,0.3 mL serum,0.15 mL,Quest/Nichols order code + compatible serum allergen workflow,https://testdirectory.questdiagnostics.com/test/test-detail/8932/?cc=MASTER,"Allow SST to clot and centrifuge; submit the spun SST. This is a Quest serum allergen workflow. If Quest routes the order to a different performing laboratory/service area, verify the current minimum volume and stability before collection."
90660,Quinoa IgE,Serum,SST / Gold,SST / Gold (spun),Room Temperature,0.3 mL serum,0.15 mL,Quest/Nichols order code + compatible serum allergen workflow,https://testdirectory.questdiagnostics.com/test/test-detail/90660/?cc=MASTER,"Allow SST to clot and centrifuge; submit the spun SST. This is a Quest serum allergen workflow. If Quest routes the order to a different performing laboratory/service area, verify the current minimum volume and stability before collection."
3436,Wall Pellitory IgE,Serum,SST / Gold,SST / Gold (spun),Room Temperature,0.3 mL serum,0.15 mL,Quest/Nichols order code + compatible serum allergen workflow,https://testdirectory.questdiagnostics.com/test/test-detail/3436/?cc=MASTER,"Allow SST to clot and centrifuge; submit the spun SST. This is a Quest serum allergen workflow. If Quest routes the order to a different performing laboratory/service area, verify the current minimum volume and stability before collection."
3489,Walnut IgE,Serum,SST / Gold,SST / Gold (spun),Room Temperature,0.3 mL serum,0.15 mL,Quest/Nichols order code + compatible serum allergen workflow,https://testdirectory.questdiagnostics.com/test/test-detail/3489/?cc=MASTER,"Allow SST to clot and centrifuge; submit the spun SST. This is a Quest serum allergen workflow. If Quest routes the order to a different performing laboratory/service area, verify the current minimum volume and stability before collection."
38257,Apple (f49) IgG,Serum,SST / Gold,SST / Gold (spun),Room Temperature,0.3 mL serum,0.15 mL,Quest/Nichols order code + compatible serum IgG workflow,https://testdirectory.questdiagnostics.com/test/test-detail/38257/?cc=MASTER,"Allow SST to clot and centrifuge; submit the spun SST. Quest allergen IgG availability and exact minimum/stability can vary by performing laboratory/service area, so verify the current routed test if it differs from MASTER."
34549,Cacao/Chocolate IgG,Serum,SST / Gold,SST / Gold (spun),Room Temperature,0.3 mL serum,0.15 mL,Quest/Nichols order code + compatible serum IgG workflow,https://testdirectory.questdiagnostics.com/test/test-detail/34549/?cc=MASTER,"Allow SST to clot and centrifuge; submit the spun SST. Quest allergen IgG availability and exact minimum/stability can vary by performing laboratory/service area, so verify the current routed test if it differs from MASTER."
38100,Casein IgG,Serum,SST / Gold,SST / Gold (spun),Room Temperature,0.3 mL serum,0.15 mL,Quest/Nichols order code + compatible serum IgG workflow,https://testdirectory.questdiagnostics.com/test/test-detail/38100/?cc=MASTER,"Allow SST to clot and centrifuge; submit the spun SST. Quest allergen IgG availability and exact minimum/stability can vary by performing laboratory/service area, so verify the current routed test if it differs from MASTER."
38128,Chicken Meat IgG,Serum,SST / Gold,SST / Gold (spun),Room Temperature,0.3 mL serum,0.15 mL,Quest/Nichols order code + compatible serum IgG workflow,https://testdirectory.questdiagnostics.com/test/test-detail/38128/?cc=MASTER,"Allow SST to clot and centrifuge; submit the spun SST. Quest allergen IgG availability and exact minimum/stability can vary by performing laboratory/service area, so verify the current routed test if it differs from MASTER."
90867,Coconut IgG,Serum,SST / Gold,SST / Gold (spun),Room Temperature,0.3 mL serum,0.15 mL,Quest/Nichols order code + compatible serum IgG workflow,https://testdirectory.questdiagnostics.com/test/test-detail/90867/?cc=MASTER,"Allow SST to clot and centrifuge; submit the spun SST. Quest allergen IgG availability and exact minimum/stability can vary by performing laboratory/service area, so verify the current routed test if it differs from MASTER."
38110,Codfish IgG,Serum,SST / Gold,SST / Gold (spun),Room Temperature,0.3 mL serum,0.15 mL,Quest/Nichols order code + compatible serum IgG workflow,https://testdirectory.questdiagnostics.com/test/test-detail/38110/?cc=MASTER,"Allow SST to clot and centrifuge; submit the spun SST. Quest allergen IgG availability and exact minimum/stability can vary by performing laboratory/service area, so verify the current routed test if it differs from MASTER."
38560,Coffee IgG,Serum,SST / Gold,SST / Gold (spun),Room Temperature,0.3 mL serum,0.15 mL,Quest/Nichols order code + compatible serum IgG workflow,https://testdirectory.questdiagnostics.com/test/test-detail/38560/?cc=MASTER,"Allow SST to clot and centrifuge; submit the spun SST. Quest allergen IgG availability and exact minimum/stability can vary by performing laboratory/service area, so verify the current routed test if it differs from MASTER."
92789,Cow Milk IgG,Serum,SST / Gold,SST / Gold (spun),Room Temperature,0.3 mL serum,0.15 mL,Quest/Nichols order code + compatible serum IgG workflow,https://testdirectory.questdiagnostics.com/test/test-detail/92789/?cc=MASTER,"Allow SST to clot and centrifuge; submit the spun SST. Quest allergen IgG availability and exact minimum/stability can vary by performing laboratory/service area, so verify the current routed test if it differs from MASTER."
17070,Cinnamon IgG,Serum,SST / Gold,SST / Gold (spun),Room Temperature,0.3 mL serum,0.15 mL,Quest/Nichols order code + compatible serum IgG workflow,https://testdirectory.questdiagnostics.com/test/test-detail/17070/?cc=MASTER,"Allow SST to clot and centrifuge; submit the spun SST. Quest allergen IgG availability and exact minimum/stability can vary by performing laboratory/service area, so verify the current routed test if it differs from MASTER."
10282,Cladosporium herbarum IgG,Serum,SST / Gold,SST / Gold (spun),Room Temperature,0.3 mL serum,0.15 mL,Quest/Nichols order code + compatible serum IgG workflow,https://testdirectory.questdiagnostics.com/test/test-detail/10282/?cc=MASTER,"Allow SST to clot and centrifuge; submit the spun SST. Quest allergen IgG availability and exact minimum/stability can vary by performing laboratory/service area, so verify the current routed test if it differs from MASTER."
17708,Curvularia lunata IgG,Serum,SST / Gold,SST / Gold (spun),Room Temperature,0.3 mL serum,0.15 mL,Quest/Nichols order code + compatible serum IgG workflow,https://testdirectory.questdiagnostics.com/test/test-detail/17708/?cc=MASTER,"Allow SST to clot and centrifuge; submit the spun SST. Quest allergen IgG availability and exact minimum/stability can vary by performing laboratory/service area, so verify the current routed test if it differs from MASTER."
38247,Orange IgG,Serum,SST / Gold,SST / Gold (spun),Room Temperature,0.3 mL serum,0.15 mL,Quest/Nichols order code + compatible serum IgG workflow,https://testdirectory.questdiagnostics.com/test/test-detail/38247/?cc=MASTER,"Allow SST to clot and centrifuge; submit the spun SST. Quest allergen IgG availability and exact minimum/stability can vary by performing laboratory/service area, so verify the current routed test if it differs from MASTER."
39545,Yeast IgG,Serum,SST / Gold,SST / Gold (spun),Room Temperature,0.3 mL serum,0.15 mL,Quest/Nichols order code + compatible serum IgG workflow,https://testdirectory.questdiagnostics.com/test/test-detail/39545/?cc=MASTER,"Allow SST to clot and centrifuge; submit the spun SST. Quest allergen IgG availability and exact minimum/stability can vary by performing laboratory/service area, so verify the current routed test if it differs from MASTER."
70030,Casein IgG4,Serum,SST / Gold,Transport tube,Room Temperature,0.2 mL serum,Verify current Quest directory,Exact/current public Quest listing,https://testdirectory.questdiagnostics.com/test/test-detail/70030/?cc=MASTER,"Allow SST to clot and centrifuge, then transfer serum to a transport tube. Current public listing notes that availability can vary by service area; verify local routing."
